{"win": {
  "1": {
    "1" : [
      {"A": "1"},
      {"A": "2"},
      {"A": "3"}
    ],
    "2" : [
      {"A": "1"},
      {"A": "4"},
      {"A": "7"}
    ],
    "3" : [
      {"A": "1"},
      {"A": "5"},
      {"A": "9"}
   ]
  },
  "2": {
    "1":[
      {"A": "1"},
      {"A": "2"},
      {"A": "3"}
    ],
    "2": [
      {"A": "2"},
      {"A": "5"},
      {"A": "8"}
    ]
  },
  "3": {
    "1" : [
      {"A": "1"},
      {"A": "2"},
      {"A": "3"}
    ],
    "2" : [
      {"A": "3"},
      {"A": "6"},
      {"A": "9"}
    ],
    "3" : [
      {"A": "3"},
      {"A": "5"},
      {"A": "7"}
    ]
  },
  "4": {
    "1":[
      {"A": "1"},
      {"A": "4"},
      {"A": "7"}
    ],
    "2": [
      {"A": "4"},
      {"A": "5"},
      {"A": "6"}
    ]
  },
  "5": {
    "1" : [
      {"A": "1"},
      {"A": "5"},
      {"A": "9"}
    ],
    "2" : [
      {"A": "3"},
      {"A": "5"},
      {"A": "7"}
    ],
    "3" : [
      {"A": "2"},
      {"A": "5"},
      {"A": "8"}
    ],
    "4" : [
      {"A": "4"},
      {"A": "5"},
      {"A": "6"}
    ]
  },
  "6": {
    "1" : [
      {"A": "3"},
      {"A": "6"},
      {"A": "9"}
    ],
    "2" : [
      {"A": "4"},
      {"A": "5"},
      {"A": "6"}
    ]
  },
  "7": {
    "1" : [
      {"A": "1"},
      {"A": "4"},
      {"A": "7"}
    ],
    "2" : [
      {"A": "7"},
      {"A": "8"},
      {"A": "9"}
    ],
    "3" : [
      {"A": "3"},
      {"A": "5"},
      {"A": "7"}
    ]
  },
  "8": {
    "1":[
      {"A": "2"},
      {"A": "5"},
      {"A": "8"}
    ],
    "2": [
      {"A": "7"},
      {"A": "8"},
      {"A": "9"}
    ]
  },
  "9": {
    "1" : [
      {"A": "3"},
      {"A": "6"},
      {"A": "9"}
    ],
    "2" : [
      {"A": "7"},
      {"A": "8"},
      {"A": "9"}
    ],
    "3" : [
      {"A": "1"},
      {"A": "5"},
      {"A": "9"}
    ]
  }
}
}

